population,responders_n,non_responders_n,responders_mean_pct,non_responders_mean_pct,responders_median_pct,non_responders_median_pct,median_difference_pct,mann_whitney_u,p_value,adjusted_p_value,significant_fdr_0_05
b_cell,993,975,9.797553,9.99632,9.432278,9.788395,-0.356117,459971.0,0.055702,0.139256,False
cd8_t_cell,993,975,24.881932,24.943924,24.728022,24.603067,0.124955,478176.0,0.639086,0.639086,False
cd4_t_cell,993,975,30.537808,29.902262,30.220564,29.657607,0.562957,515276.0,0.013344,0.066721,False
nk_cell,993,975,14.840944,15.073166,14.509282,14.799143,-0.289861,464546.0,0.121051,0.201751,False
monocyte,993,975,19.941763,20.084328,19.609698,19.942333,-0.332635,466510.0,0.16315,0.203938,False
